"gene_name","mutation","Year_group","avg_prevalence","residue_number"
"crt","A220S","1998-1999",100,220
"crt","A220S","2000-2001",76.6666666666667,220
"crt","A220S","2002-2003",100,220
"crt","A220S","2004-2005",97.4358974358974,220
"crt","A220S","2006-2007",100,220
"crt","A220S","2008-2009",91.6025641025641,220
"crt","A220S","2010-2011",53.4761904761905,220
"crt","A220S","2012-2013",4.93827160493827,220
"crt","A220S","2014-2015",11.05216622458,220
"crt","A220S","2016-2017",0,220
"crt","A220S","2018-2019",6.41025641025641,220
"crt","A220S","2020-2021",14.3939393939394,220
"crt","N75E","1998-1999",100,75
"crt","N75E","2000-2001",86.6666666666667,75
"crt","N75E","2002-2003",100,75
"crt","N75E","2004-2005",91.8803418803419,75
"crt","N75E","2006-2007",100,75
"crt","N75E","2008-2009",89.5634920634921,75
"crt","N75E","2010-2011",48.3809523809524,75
"crt","N75E","2012-2013",2.38095238095238,75
"crt","N75E","2014-2015",8.98236210521729,75
"crt","N75E","2016-2017",0,75
"crt","N75E","2018-2019",5.66666666666667,75
"crt","N75E","2020-2021",12.1212121212121,75
"crt","C72S","1998-1999",0,72
"crt","C72S","2000-2001",0,72
"crt","C72S","2002-2003",0,72
"crt","C72S","2004-2005",0,72
"crt","C72S","2006-2007",0,72
"crt","C72S","2008-2009",0,72
"crt","C72S","2010-2011",0,72
"crt","C72S","2012-2013",0,72
"crt","C72S","2014-2015",0.354609929078015,72
"crt","C72S","2016-2017",0,72
"crt","C72S","2018-2019",0,72
"crt","C72S","2020-2021",0,72
"crt","K76T","1998-1999",100,76
"crt","K76T","2000-2001",86.6666666666667,76
"crt","K76T","2002-2003",100,76
"crt","K76T","2004-2005",91.8803418803419,76
"crt","K76T","2006-2007",100,76
"crt","K76T","2008-2009",89.5634920634921,76
"crt","K76T","2010-2011",48.3809523809524,76
"crt","K76T","2012-2013",2.38095238095238,76
"crt","K76T","2014-2015",8.98236210521729,76
"crt","K76T","2016-2017",0,76
"crt","K76T","2018-2019",5.66666666666667,76
"crt","K76T","2020-2021",12.1212121212121,76
"crt","M74I","1998-1999",100,74
"crt","M74I","2000-2001",86.6666666666667,74
"crt","M74I","2002-2003",100,74
"crt","M74I","2004-2005",91.8803418803419,74
"crt","M74I","2006-2007",100,74
"crt","M74I","2008-2009",89.5634920634921,74
"crt","M74I","2010-2011",48.3809523809524,74
"crt","M74I","2012-2013",2.38095238095238,74
"crt","M74I","2014-2015",8.98236210521729,74
"crt","M74I","2016-2017",0,74
"crt","M74I","2018-2019",5.66666666666667,74
"crt","M74I","2020-2021",12.1212121212121,74
"crt","V73L","1998-1999",0,73
"crt","V73L","2000-2001",0,73
"crt","V73L","2002-2003",0,73
"crt","V73L","2004-2005",0,73
"crt","V73L","2006-2007",0,73
"crt","V73L","2008-2009",0,73
"crt","V73L","2010-2011",0,73
"crt","V73L","2012-2013",0,73
"crt","V73L","2014-2015",0,73
"crt","V73L","2016-2017",0,73
"crt","V73L","2018-2019",0.476190476190476,73
"crt","V73L","2020-2021",0,73
